variant,n,block_size,threads,repetition,seed,seconds,gflops,max_abs_error,validation
scalar,128,0,1,1,20261131,0.002049699,2.046302,0.000000000000e+00,PASS
scalar,128,0,1,2,20261131,0.002161099,1.940820,0.000000000000e+00,PASS
scalar,128,0,1,3,20261131,0.002384099,1.759283,0.000000000000e+00,PASS
scalar,128,0,1,4,20261131,0.003088398,1.358084,0.000000000000e+00,PASS
scalar,128,0,1,5,20261131,0.002197198,1.908933,0.000000000000e+00,PASS
avx2,128,0,1,1,20261131,0.000521800,8.038145,0.000000000000e+00,PASS
avx2,128,0,1,2,20261131,0.000539799,7.770122,0.000000000000e+00,PASS
avx2,128,0,1,3,20261131,0.000595300,7.045698,0.000000000000e+00,PASS
avx2,128,0,1,4,20261131,0.000513300,8.171253,0.000000000000e+00,PASS
avx2,128,0,1,5,20261131,0.000549499,7.632960,0.000000000000e+00,PASS
avx2_fma,128,0,1,1,20261131,0.000532600,7.875148,0.000000000000e+00,PASS
avx2_fma,128,0,1,2,20261131,0.000520400,8.059769,0.000000000000e+00,PASS
avx2_fma,128,0,1,3,20261131,0.000565499,7.416996,0.000000000000e+00,PASS
avx2_fma,128,0,1,4,20261131,0.000608400,6.893991,0.000000000000e+00,PASS
avx2_fma,128,0,1,5,20261131,0.000521100,8.048943,0.000000000000e+00,PASS
avx2_fma_unroll4,128,0,1,1,20261131,0.000199800,20.992513,0.000000000000e+00,PASS
avx2_fma_unroll4,128,0,1,2,20261131,0.000213700,19.627066,0.000000000000e+00,PASS
avx2_fma_unroll4,128,0,1,3,20261131,0.000199800,20.992513,0.000000000000e+00,PASS
avx2_fma_unroll4,128,0,1,4,20261131,0.000199900,20.982011,0.000000000000e+00,PASS
avx2_fma_unroll4,128,0,1,5,20261131,0.000217800,19.257594,0.000000000000e+00,PASS
blocked_fma,128,8,1,1,20261131,0.000382300,10.971237,0.000000000000e+00,PASS
blocked_fma,128,8,1,2,20261131,0.000407200,10.300354,0.000000000000e+00,PASS
blocked_fma,128,8,1,3,20261131,0.000394100,10.642740,0.000000000000e+00,PASS
blocked_fma,128,8,1,4,20261131,0.000463099,9.057035,0.000000000000e+00,PASS
blocked_fma,128,8,1,5,20261131,0.000406300,10.323170,0.000000000000e+00,PASS
openmp_blocked_fma,128,8,1,1,20261131,0.000852899,4.917703,0.000000000000e+00,PASS
openmp_blocked_fma,128,8,1,2,20261131,0.000721400,5.814117,0.000000000000e+00,PASS
openmp_blocked_fma,128,8,1,3,20261131,0.000923999,4.539295,0.000000000000e+00,PASS
openmp_blocked_fma,128,8,1,4,20261131,0.000644600,6.506832,0.000000000000e+00,PASS
openmp_blocked_fma,128,8,1,5,20261131,0.000538500,7.788865,0.000000000000e+00,PASS
openmp_blocked_fma,128,8,2,1,20261131,0.000189700,22.110195,0.000000000000e+00,PASS
openmp_blocked_fma,128,8,2,2,20261131,0.000202200,20.743343,0.000000000000e+00,PASS
openmp_blocked_fma,128,8,2,3,20261131,0.000182700,22.957329,0.000000000000e+00,PASS
openmp_blocked_fma,128,8,2,4,20261131,0.000182700,22.957329,0.000000000000e+00,PASS
openmp_blocked_fma,128,8,2,5,20261131,0.000182700,22.957329,0.000000000000e+00,PASS
openmp_blocked_fma,128,8,4,1,20261131,0.000092299,45.442573,0.000000000000e+00,PASS
openmp_blocked_fma,128,8,4,2,20261131,0.000096800,43.329587,0.000000000000e+00,PASS
openmp_blocked_fma,128,8,4,3,20261131,0.000106000,39.568906,0.000000000000e+00,PASS
openmp_blocked_fma,128,8,4,4,20261131,0.000092300,45.442080,0.000000000000e+00,PASS
openmp_blocked_fma,128,8,4,5,20261131,0.000092100,45.540760,0.000000000000e+00,PASS
blocked_fma,128,16,1,1,20261131,0.000356000,11.781753,0.000000000000e+00,PASS
blocked_fma,128,16,1,2,20261131,0.000356100,11.778444,0.000000000000e+00,PASS
blocked_fma,128,16,1,3,20261131,0.000356099,11.778477,0.000000000000e+00,PASS
blocked_fma,128,16,1,4,20261131,0.000369300,11.357444,0.000000000000e+00,PASS
blocked_fma,128,16,1,5,20261131,0.000356300,11.771833,0.000000000000e+00,PASS
openmp_blocked_fma,128,16,1,1,20261131,0.000331799,12.641099,0.000000000000e+00,PASS
openmp_blocked_fma,128,16,1,2,20261131,0.000331400,12.656319,0.000000000000e+00,PASS
openmp_blocked_fma,128,16,1,3,20261131,0.000356000,11.781753,0.000000000000e+00,PASS
openmp_blocked_fma,128,16,1,4,20261131,0.000353000,11.881881,0.000000000000e+00,PASS
openmp_blocked_fma,128,16,1,5,20261131,0.000386300,10.857634,0.000000000000e+00,PASS
openmp_blocked_fma,128,16,2,1,20261131,0.000176100,23.817740,0.000000000000e+00,PASS
openmp_blocked_fma,128,16,2,2,20261131,0.000199100,21.066318,0.000000000000e+00,PASS
openmp_blocked_fma,128,16,2,3,20261131,0.000205400,20.420175,0.000000000000e+00,PASS
openmp_blocked_fma,128,16,2,4,20261131,0.000200300,20.940110,0.000000000000e+00,PASS
openmp_blocked_fma,128,16,2,5,20261131,0.000180100,23.288751,0.000000000000e+00,PASS
openmp_blocked_fma,128,16,4,1,20261131,0.000088800,47.233153,0.000000000000e+00,PASS
openmp_blocked_fma,128,16,4,2,20261131,0.000088600,47.339774,0.000000000000e+00,PASS
openmp_blocked_fma,128,16,4,3,20261131,0.000088600,47.339774,0.000000000000e+00,PASS
openmp_blocked_fma,128,16,4,4,20261131,0.000096200,43.599834,0.000000000000e+00,PASS
openmp_blocked_fma,128,16,4,5,20261131,0.000088500,47.393266,0.000000000000e+00,PASS
blocked_fma,128,32,1,1,20261131,0.000416400,10.072776,0.000000000000e+00,PASS
blocked_fma,128,32,1,2,20261131,0.000444599,9.433903,0.000000000000e+00,PASS
blocked_fma,128,32,1,3,20261131,0.000411200,10.200156,0.000000000000e+00,PASS
blocked_fma,128,32,1,4,20261131,0.000402200,10.428404,0.000000000000e+00,PASS
blocked_fma,128,32,1,5,20261131,0.000515300,8.139538,0.000000000000e+00,PASS
openmp_blocked_fma,128,32,1,1,20261131,0.000662500,6.331025,0.000000000000e+00,PASS
openmp_blocked_fma,128,32,1,2,20261131,0.000648400,6.468698,0.000000000000e+00,PASS
openmp_blocked_fma,128,32,1,3,20261131,0.000760700,5.513743,0.000000000000e+00,PASS
openmp_blocked_fma,128,32,1,4,20261131,0.000614100,6.830002,0.000000000000e+00,PASS
openmp_blocked_fma,128,32,1,5,20261131,0.000410599,10.215086,0.000000000000e+00,PASS
openmp_blocked_fma,128,32,2,1,20261131,0.000214900,19.517469,0.000000000000e+00,PASS
openmp_blocked_fma,128,32,2,2,20261131,0.000179300,23.392660,0.000000000000e+00,PASS
openmp_blocked_fma,128,32,2,3,20261131,0.000177400,23.643202,0.000000000000e+00,PASS
openmp_blocked_fma,128,32,2,4,20261131,0.000186000,22.550022,0.000000000000e+00,PASS
openmp_blocked_fma,128,32,2,5,20261131,0.000175900,23.844821,0.000000000000e+00,PASS
openmp_blocked_fma,128,32,4,1,20261131,0.000090400,46.397168,0.000000000000e+00,PASS
openmp_blocked_fma,128,32,4,2,20261131,0.000090200,46.500044,0.000000000000e+00,PASS
openmp_blocked_fma,128,32,4,3,20261131,0.000090400,46.397168,0.000000000000e+00,PASS
openmp_blocked_fma,128,32,4,4,20261131,0.000103000,40.721398,0.000000000000e+00,PASS
openmp_blocked_fma,128,32,4,5,20261131,0.000090400,46.397168,0.000000000000e+00,PASS
blocked_fma,128,64,1,1,20261131,0.000481799,8.705506,0.000000000000e+00,PASS
blocked_fma,128,64,1,2,20261131,0.000485600,8.637364,0.000000000000e+00,PASS
blocked_fma,128,64,1,3,20261131,0.000493500,8.499096,0.000000000000e+00,PASS
blocked_fma,128,64,1,4,20261131,0.000482800,8.687457,0.000000000000e+00,PASS
blocked_fma,128,64,1,5,20261131,0.000481899,8.703699,0.000000000000e+00,PASS
openmp_blocked_fma,128,64,1,1,20261131,0.000458200,9.153872,0.000000000000e+00,PASS
openmp_blocked_fma,128,64,1,2,20261131,0.000467999,8.962207,0.000000000000e+00,PASS
openmp_blocked_fma,128,64,1,3,20261131,0.000462100,9.076615,0.000000000000e+00,PASS
openmp_blocked_fma,128,64,1,4,20261131,0.000459700,9.124003,0.000000000000e+00,PASS
openmp_blocked_fma,128,64,1,5,20261131,0.000497900,8.423989,0.000000000000e+00,PASS
openmp_blocked_fma,128,64,2,1,20261131,0.000261600,16.033272,0.000000000000e+00,PASS
openmp_blocked_fma,128,64,2,2,20261131,0.000231400,18.125774,0.000000000000e+00,PASS
openmp_blocked_fma,128,64,2,3,20261131,0.000232300,18.055549,0.000000000000e+00,PASS
openmp_blocked_fma,128,64,2,4,20261131,0.000231500,18.117944,0.000000000000e+00,PASS
openmp_blocked_fma,128,64,2,5,20261131,0.000231000,18.157160,0.000000000000e+00,PASS
openmp_blocked_fma,128,64,4,1,20261131,0.000235000,17.848102,0.000000000000e+00,PASS
openmp_blocked_fma,128,64,4,2,20261131,0.000256500,16.352062,0.000000000000e+00,PASS
openmp_blocked_fma,128,64,4,3,20261131,0.000243500,17.225068,0.000000000000e+00,PASS
openmp_blocked_fma,128,64,4,4,20261131,0.000229500,18.275834,0.000000000000e+00,PASS
openmp_blocked_fma,128,64,4,5,20261131,0.000226400,18.526078,0.000000000000e+00,PASS
scalar,256,0,1,1,20261259,0.031619881,1.061181,0.000000000000e+00,PASS
scalar,256,0,1,2,20261259,0.031421382,1.067885,0.000000000000e+00,PASS
scalar,256,0,1,3,20261259,0.031811382,1.054793,0.000000000000e+00,PASS
scalar,256,0,1,4,20261259,0.032578681,1.029951,0.000000000000e+00,PASS
scalar,256,0,1,5,20261259,0.030167883,1.112257,0.000000000000e+00,PASS
avx2,256,0,1,1,20261259,0.006904896,4.859513,0.000000000000e+00,PASS
avx2,256,0,1,2,20261259,0.006639396,5.053838,0.000000000000e+00,PASS
avx2,256,0,1,3,20261259,0.008358695,4.014315,0.000000000000e+00,PASS
avx2,256,0,1,4,20261259,0.006717196,4.995303,0.000000000000e+00,PASS
avx2,256,0,1,5,20261259,0.008365295,4.011147,0.000000000000e+00,PASS
avx2_fma,256,0,1,1,20261259,0.008005395,4.191477,0.000000000000e+00,PASS
avx2_fma,256,0,1,2,20261259,0.006394197,5.247638,0.000000000000e+00,PASS
avx2_fma,256,0,1,3,20261259,0.007963795,4.213372,0.000000000000e+00,PASS
avx2_fma,256,0,1,4,20261259,0.007549196,4.444769,0.000000000000e+00,PASS
avx2_fma,256,0,1,5,20261259,0.009011295,3.723597,0.000000000000e+00,PASS
avx2_fma_unroll4,256,0,1,1,20261259,0.003352798,10.007890,0.000000000000e+00,PASS
avx2_fma_unroll4,256,0,1,2,20261259,0.003505298,9.572491,0.000000000000e+00,PASS
avx2_fma_unroll4,256,0,1,3,20261259,0.003496998,9.595211,0.000000000000e+00,PASS
avx2_fma_unroll4,256,0,1,4,20261259,0.004774897,7.027258,0.000000000000e+00,PASS
avx2_fma_unroll4,256,0,1,5,20261259,0.003153398,10.640722,0.000000000000e+00,PASS
blocked_fma,256,8,1,1,20261259,0.003832398,8.755466,0.000000000000e+00,PASS
blocked_fma,256,8,1,2,20261259,0.004064097,8.256307,0.000000000000e+00,PASS
blocked_fma,256,8,1,3,20261259,0.003537198,9.486162,0.000000000000e+00,PASS
blocked_fma,256,8,1,4,20261259,0.003713798,9.035072,0.000000000000e+00,PASS
blocked_fma,256,8,1,5,20261259,0.003541298,9.475179,0.000000000000e+00,PASS
openmp_blocked_fma,256,8,1,1,20261259,0.003634897,9.231192,0.000000000000e+00,PASS
openmp_blocked_fma,256,8,1,2,20261259,0.003198399,10.491009,0.000000000000e+00,PASS
openmp_blocked_fma,256,8,1,3,20261259,0.003379198,9.929703,0.000000000000e+00,PASS
openmp_blocked_fma,256,8,1,4,20261259,0.003374398,9.943828,0.000000000000e+00,PASS
openmp_blocked_fma,256,8,1,5,20261259,0.004284298,7.831956,0.000000000000e+00,PASS
openmp_blocked_fma,256,8,2,1,20261259,0.002520299,13.313671,0.000000000000e+00,PASS
openmp_blocked_fma,256,8,2,2,20261259,0.002545598,13.181355,0.000000000000e+00,PASS
openmp_blocked_fma,256,8,2,3,20261259,0.002626299,12.776318,0.000000000000e+00,PASS
openmp_blocked_fma,256,8,2,4,20261259,0.002773298,12.099108,0.000000000000e+00,PASS
openmp_blocked_fma,256,8,2,5,20261259,0.003164198,10.604403,0.000000000000e+00,PASS
openmp_blocked_fma,256,8,4,1,20261259,0.001241399,27.029530,0.000000000000e+00,PASS
openmp_blocked_fma,256,8,4,2,20261259,0.001211599,27.694338,0.000000000000e+00,PASS
openmp_blocked_fma,256,8,4,3,20261259,0.001233300,27.207032,0.000000000000e+00,PASS
openmp_blocked_fma,256,8,4,4,20261259,0.001189899,28.199395,0.000000000000e+00,PASS
openmp_blocked_fma,256,8,4,5,20261259,0.001201499,27.927141,0.000000000000e+00,PASS
blocked_fma,256,16,1,1,20261259,0.005694997,5.891914,0.000000000000e+00,PASS
blocked_fma,256,16,1,2,20261259,0.003442598,9.746834,0.000000000000e+00,PASS
blocked_fma,256,16,1,3,20261259,0.003364998,9.971605,0.000000000000e+00,PASS
blocked_fma,256,16,1,4,20261259,0.003315598,10.120175,0.000000000000e+00,PASS
blocked_fma,256,16,1,5,20261259,0.005797896,5.787346,0.000000000000e+00,PASS
openmp_blocked_fma,256,16,1,1,20261259,0.002930498,11.450078,0.000000000000e+00,PASS
openmp_blocked_fma,256,16,1,2,20261259,0.003180299,10.550716,0.000000000000e+00,PASS
openmp_blocked_fma,256,16,1,3,20261259,0.004713397,7.118949,0.000000000000e+00,PASS
openmp_blocked_fma,256,16,1,4,20261259,0.003432998,9.774090,0.000000000000e+00,PASS
openmp_blocked_fma,256,16,1,5,20261259,0.003466698,9.679076,0.000000000000e+00,PASS
openmp_blocked_fma,256,16,2,1,20261259,0.001514499,22.155467,0.000000000000e+00,PASS
openmp_blocked_fma,256,16,2,2,20261259,0.001579399,21.245063,0.000000000000e+00,PASS
openmp_blocked_fma,256,16,2,3,20261259,0.001481799,22.644388,0.000000000000e+00,PASS
openmp_blocked_fma,256,16,2,4,20261259,0.002851899,11.765645,0.000000000000e+00,PASS
openmp_blocked_fma,256,16,2,5,20261259,0.002033598,16.500032,0.000000000000e+00,PASS
openmp_blocked_fma,256,16,4,1,20261259,0.001176000,28.532680,0.000000000000e+00,PASS
openmp_blocked_fma,256,16,4,2,20261259,0.001173599,28.591054,0.000000000000e+00,PASS
openmp_blocked_fma,256,16,4,3,20261259,0.001234899,27.171803,0.000000000000e+00,PASS
openmp_blocked_fma,256,16,4,4,20261259,0.001173599,28.591054,0.000000000000e+00,PASS
openmp_blocked_fma,256,16,4,5,20261259,0.001190100,28.194632,0.000000000000e+00,PASS
blocked_fma,256,32,1,1,20261259,0.004628397,7.249688,0.000000000000e+00,PASS
blocked_fma,256,32,1,2,20261259,0.004042898,8.299599,0.000000000000e+00,PASS
blocked_fma,256,32,1,3,20261259,0.004432497,7.570097,0.000000000000e+00,PASS
blocked_fma,256,32,1,4,20261259,0.005301897,6.328760,0.000000000000e+00,PASS
blocked_fma,256,32,1,5,20261259,0.004294598,7.813172,0.000000000000e+00,PASS
openmp_blocked_fma,256,32,1,1,20261259,0.003950398,8.493937,0.000000000000e+00,PASS
openmp_blocked_fma,256,32,1,2,20261259,0.005262397,6.376264,0.000000000000e+00,PASS
openmp_blocked_fma,256,32,1,3,20261259,0.003817698,8.789179,0.000000000000e+00,PASS
openmp_blocked_fma,256,32,1,4,20261259,0.003812097,8.802093,0.000000000000e+00,PASS
openmp_blocked_fma,256,32,1,5,20261259,0.004068398,8.247579,0.000000000000e+00,PASS
openmp_blocked_fma,256,32,2,1,20261259,0.002049099,16.375213,0.000000000000e+00,PASS
openmp_blocked_fma,256,32,2,2,20261259,0.001808899,18.549644,0.000000000000e+00,PASS
openmp_blocked_fma,256,32,2,3,20261259,0.001842899,18.207418,0.000000000000e+00,PASS
openmp_blocked_fma,256,32,2,4,20261259,0.001711099,19.609872,0.000000000000e+00,PASS
openmp_blocked_fma,256,32,2,5,20261259,0.001756599,19.101930,0.000000000000e+00,PASS
openmp_blocked_fma,256,32,4,1,20261259,0.001478900,22.688777,0.000000000000e+00,PASS
openmp_blocked_fma,256,32,4,2,20261259,0.001781298,18.837068,0.000000000000e+00,PASS
openmp_blocked_fma,256,32,4,3,20261259,0.001528899,21.946794,0.000000000000e+00,PASS
openmp_blocked_fma,256,32,4,4,20261259,0.001352600,24.807358,0.000000000000e+00,PASS
openmp_blocked_fma,256,32,4,5,20261259,0.000913800,36.719667,0.000000000000e+00,PASS
blocked_fma,256,64,1,1,20261259,0.004625898,7.253604,0.000000000000e+00,PASS
blocked_fma,256,64,1,2,20261259,0.005465197,6.139656,0.000000000000e+00,PASS
blocked_fma,256,64,1,3,20261259,0.004551998,7.371364,0.000000000000e+00,PASS
blocked_fma,256,64,1,4,20261259,0.004828297,6.949538,0.000000000000e+00,PASS
blocked_fma,256,64,1,5,20261259,0.005316097,6.311855,0.000000000000e+00,PASS
openmp_blocked_fma,256,64,1,1,20261259,0.003823198,8.776535,0.000000000000e+00,PASS
openmp_blocked_fma,256,64,1,2,20261259,0.003903798,8.595330,0.000000000000e+00,PASS
openmp_blocked_fma,256,64,1,3,20261259,0.004452897,7.535416,0.000000000000e+00,PASS
openmp_blocked_fma,256,64,1,4,20261259,0.004029798,8.326579,0.000000000000e+00,PASS
openmp_blocked_fma,256,64,1,5,20261259,0.003833597,8.752728,0.000000000000e+00,PASS
openmp_blocked_fma,256,64,2,1,20261259,0.001855499,18.083778,0.000000000000e+00,PASS
openmp_blocked_fma,256,64,2,2,20261259,0.001823399,18.402134,0.000000000000e+00,PASS
openmp_blocked_fma,256,64,2,3,20261259,0.002518598,13.322663,0.000000000000e+00,PASS
openmp_blocked_fma,256,64,2,4,20261259,0.002512099,13.357130,0.000000000000e+00,PASS
openmp_blocked_fma,256,64,2,5,20261259,0.001856299,18.075985,0.000000000000e+00,PASS
openmp_blocked_fma,256,64,4,1,20261259,0.000959099,34.985369,0.000000000000e+00,PASS
openmp_blocked_fma,256,64,4,2,20261259,0.000920500,36.452398,0.000000000000e+00,PASS
openmp_blocked_fma,256,64,4,3,20261259,0.000935399,35.871785,0.000000000000e+00,PASS
openmp_blocked_fma,256,64,4,4,20261259,0.000926800,36.204609,0.000000000000e+00,PASS
openmp_blocked_fma,256,64,4,5,20261259,0.000959299,34.978075,0.000000000000e+00,PASS
